Pc,Pd,SOC,net_load,tariff,hour,base_price,gridload,total_demand,dispatch_load,injection_load,year,capacity limit,capacity threshold,price,dispatch
999.9999999831147,0.0,2984.88578016298,33310.25,15.043599932806469,7900,97.2,33310.25,34310.24999998311,34310.24999998311,33310.25,2023,68693.0,61823.700000000004,112.24359993280648,-999.9999999831147
999.9999999785083,0.0,3969.7715603214237,33020.25,15.00456558210319,7901,97.8,33020.25,34020.24999997851,34020.24999997851,33020.25,2023,68693.0,61823.700000000004,112.80456558210318,-999.9999999785083
30.69233028250652,0.0,3999.9999999769043,33271.25,15.038350485642923,7902,99.83,33271.25,33301.94233028251,33301.94233028251,33271.25,2023,68693.0,61823.700000000004,114.86835048564292,-30.69233028250652
1.2395457635582962e-08,0.0,3999.9999999890524,35019.5,15.273667049839496,7903,105.05,35019.5,35019.5000000124,35019.5000000124,35019.5,2023,68693.0,61823.700000000004,120.32366704983949,-1.2395457635582962e-08
5.883608592682742e-09,0.0,3999.9999999947872,37215.75,15.569284955812169,7904,112.69,37215.75,37215.750000005886,37215.750000005886,37215.75,2023,68693.0,61823.700000000004,128.25928495581218,-5.883608592682742e-09
0.0,970.0000002726352,3015.1142195384205,38865.25,15.791309650588229,7905,117.3,38865.25,38865.25,37895.24999972736,37895.24999972736,2023,68693.0,61823.700000000004,133.09130965058822,970.0000002726352
2.1812801494125975e-08,0.0,3015.114219559843,39070.5,15.8189365488015,7906,115.29,39070.5,39070.50000002181,39070.50000002181,39070.5,2023,68693.0,61823.700000000004,131.1089365488015,-2.1812801494125975e-08
2.911746212766689e-08,0.0,3015.1142195884613,39685.75,15.901749942836643,7907,114.7,39685.75,39685.75000002912,39685.75000002912,39685.75,2023,68693.0,61823.700000000004,130.60174994283665,-2.911746212766689e-08
2.0103919867099648e-07,0.0,3015.1142197864037,40064.5,15.952730150867218,7908,113.37,40064.5,40064.50000020104,40064.50000020104,40064.5,2023,68693.0,61823.700000000004,129.32273015086722,-2.0103919867099648e-07
999.9999999854249,0.0,3999.9999999515985,40486.5,16.009531861200955,7909,110.02,40486.5,41486.499999985426,41486.499999985426,40486.5,2023,68693.0,61823.700000000004,126.02953186120095,-999.9999999854249
3.450557645309736e-08,0.0,3999.9999999855227,41655.0,16.1668133742933,7910,115.1,41655.0,41655.0000000345,41655.0000000345,41655.0,2023,68693.0,61823.700000000004,131.2668133742933,-3.450557645309736e-08
6.557928684898482e-09,0.0,3999.999999991922,43884.5,16.466906770475916,7911,123.26,43884.5,43884.500000006556,43884.500000006556,43884.5,2023,68693.0,61823.700000000004,139.72690677047592,-6.557928684898482e-09
3.583695090628491e-09,0.0,3999.9999999953916,44592.75,16.562238076977977,7912,134.15,44592.75,44592.75000000359,44592.75000000359,44592.75,2023,68693.0,61823.700000000004,150.712238076978,-3.583695090628491e-09
0.0,999.9999999946131,2984.6538348673057,46366.0,16.80091967140759,7913,143.81,46366.0,46366.0,45366.000000005384,45366.000000005384,2023,68693.0,61823.700000000004,160.6109196714076,999.9999999946131
0.0,999.9999999968703,1969.3076697369222,46830.0,16.863374632532835,7914,149.67,46830.0,46830.0,45830.00000000313,45830.00000000313,2023,68693.0,61823.700000000004,166.53337463253283,999.9999999968703
0.0,999.9999999945315,953.9615046089178,45679.0,16.708448640603617,7915,143.78,45679.0,45679.0,44679.00000000547,44679.00000000547,2023,68693.0,61823.700000000004,160.48844864060362,999.9999999945315
0.0,151.6344965824221,800.0000000020503,44030.75,16.48659219733921,7916,135.91,44030.75,44030.75,43879.115503417575,43879.115503417575,2023,68693.0,61823.700000000004,152.3965921973392,151.6344965824221
3.6601482955245686e-09,0.0,800.0000000055953,42280.25,16.250972780421662,7917,122.41,42280.25,42280.25000000366,42280.25000000366,42280.25,2023,68693.0,61823.700000000004,138.66097278042167,-3.6601482955245686e-09
2.70578176348669e-09,0.0,800.0000000082005,41522.25,16.148945063755853,7918,118.99,41522.25,41522.25000000271,41522.25000000271,41522.25,2023,68693.0,61823.700000000004,135.13894506375584,-2.70578176348669e-09
9.357327852480124e-09,0.0,800.0000000173566,38671.25,15.76519701597983,7919,102.44,38671.25,38671.25000000936,38671.25000000936,38671.25,2023,68693.0,61823.700000000004,118.20519701597982,-9.357327852480124e-09
1.1649919350254853e-08,0.0,800.0000000287707,36738.5,15.505046528663412,7920,99.26,36738.5,36738.50000001165,36738.50000001165,36738.5,2023,68693.0,61823.700000000004,114.76504652866342,-1.1649919350254853e-08
249.10772830166894,0.0,1045.3426593658705,35695.75,15.364691117643263,7921,94.09,35695.75,35944.85772830167,35944.85772830167,35695.75,2023,68693.0,61823.700000000004,109.45469111764326,-249.10772830166894
999.9999999893969,0.0,2030.2284395349793,35817.5,15.381078814878173,7922,89.9,35817.5,36817.4999999894,36817.4999999894,35817.5,2023,68693.0,61823.700000000004,105.28107881487819,-999.9999999893969
999.9999999914143,0.0,3015.114219706073,36557.5,15.480683709776194,7923,88.82,36557.5,37557.499999991414,37557.499999991414,36557.5,2023,68693.0,61823.700000000004,104.3006837097762,-999.9999999914143
999.9999999924185,0.0,3999.9999998781573,38248.75,15.708328005041434,7924,87.91,38248.75,39248.74999999242,39248.74999999242,38248.75,2023,68693.0,61823.700000000004,103.61832800504143,-999.9999999924185
1.198698446966051e-07,0.0,3999.999999996155,41084.0,16.089956083770637,7925,94.09,41084.0,41084.00000011987,41084.00000011987,41084.0,2023,68693.0,61823.700000000004,110.17995608377063,-1.198698446966051e-07
2.4682651335453468e-09,0.0,3999.999999998527,48250.75,17.054609300676567,7926,122.01,48250.75,48250.75000000247,48250.75000000247,48250.75,2023,68693.0,61823.700000000004,139.06460930067658,-2.4682651335453468e-09
0.0,999.9999999640806,2984.6538349014377,53004.75,17.69450344979169,7927,138.92,53004.75,53004.75,52004.75000003592,52004.75000003592,2023,68693.0,61823.700000000004,156.61450344979167,999.9999999640806
0.0,999.999999994021,1969.30766977395,53725.25,17.791483621107936,7928,144.99,53725.25,53725.25,52725.25000000598,52725.25000000598,2023,68693.0,61823.700000000004,162.78148362110795,999.999999994021
0.0,999.9999999723179,953.9615046685004,52087.0,17.570973189936744,7929,139.41,52087.0,52087.0,51087.000000027685,51087.000000027685,2023,68693.0,61823.700000000004,156.98097318993675,999.9999999723179
0.0,151.63449663406777,800.0000000091948,50678.5,17.3813873866072,7930,138.0,50678.5,50678.5,50526.86550336593,50526.86550336593,2023,68693.0,61823.700000000004,155.3813873866072,151.63449663406777
5.410954794816798e-09,0.0,800.0000000144641,49462.25,17.217678665769746,7931,136.94,49462.25,49462.25000000541,49462.25000000541,49462.25,2023,68693.0,61823.700000000004,154.15767866576974,-5.410954794816798e-09
5.514035886812301e-09,0.0,800.000000019835,48013.0,17.022607863160346,7932,133.97,48013.0,48013.000000005515,48013.000000005515,48013.0,2023,68693.0,61823.700000000004,150.99260786316034,-5.514035886812301e-09
4.995552224929336e-09,0.0,800.0000000246954,47539.5,16.958874190546545,7933,132.67,47539.5,47539.500000005,47539.500000005,47539.5,2023,68693.0,61823.700000000004,149.62887419054653,-4.995552224929336e-09
5.585350606174928e-09,0.0,800.0000000301366,47324.25,16.92990128024006,7934,130.0,47324.25,47324.25000000559,47324.25000000559,47324.25,2023,68693.0,61823.700000000004,146.92990128024007,-5.585350606174928e-09
8.312921700352172e-08,0.0,800.0000001119496,47113.0,16.901466774770864,7935,121.21,47113.0,47113.00000008313,47113.00000008313,47113.0,2023,68693.0,61823.700000000004,138.11146677477086,-8.312921700352172e-08
999.9999999900979,0.0,1784.8857802817415,46706.25,16.84671773287928,7936,115.86,46706.25,47706.2499999901,47706.2499999901,46706.25,2023,68693.0,61823.700000000004,132.70671773287927,-999.9999999900979
0.0,970.0000000983708,800.0000000023151,47148.75,16.90627876800411,7937,124.53,47148.75,47148.75,46178.74999990163,46178.74999990163,2023,68693.0,61823.700000000004,141.43627876800412,970.0000000983708
2.0441850058471646e-09,0.0,800.0000000042685,46171.5,16.77473973619453,7938,123.22,46171.5,46171.500000002045,46171.500000002045,46171.5,2023,68693.0,61823.700000000004,139.99473973619453,-2.0441850058471646e-09
1.7348317357304785e-09,0.0,800.0000000059174,44348.0,16.5292944309965,7939,117.12,44348.0,44348.00000000173,44348.00000000173,44348.0,2023,68693.0,61823.700000000004,133.64929443099652,-1.7348317357304785e-09
2.7797619130609396e-09,0.0,800.0000000085954,41101.0,16.092244304329107,7940,100.61,41101.0,41101.00000000278,41101.00000000278,41101.0,2023,68693.0,61823.700000000004,116.7022443043291,-2.7797619130609396e-09
3.0803883513999104e-09,0.0,800.0000000115695,37604.0,15.6215438753313,7941,94.46,37604.0,37604.00000000308,37604.00000000308,37604.0,2023,68693.0,61823.700000000004,110.08154387533129,-3.0803883513999104e-09
2.396939603798409e-09,0.0,800.0000000138704,34557.5,15.211481291132895,7942,95.2,34557.5,34557.500000002394,34557.500000002394,34557.5,2023,68693.0,61823.700000000004,110.4114812911329,-2.396939603798409e-09
4.071291507040726e-09,0.0,800.0000000178204,30168.5,14.620716583420176,7943,85.06,30168.5,30168.50000000407,30168.50000000407,30168.5,2023,68693.0,61823.700000000004,99.68071658342018,-4.071291507040726e-09
7.7081847992185e-09,0.0,800.0000000253523,28302.5,14.36955072682598,7944,77.74,28302.5,28302.50000000771,28302.50000000771,28302.5,2023,68693.0,61823.700000000004,92.10955072682597,-7.7081847992185e-09
249.10772842301918,0.0,1045.3426594819684,26770.0,14.16327437354055,7945,70.49,26770.0,27019.10772842302,27019.10772842302,26770.0,2023,68693.0,61823.700000000004,84.65327437354054,-249.10772842301918
999.9999999860032,0.0,2030.228439647734,25718.75,14.021774852241167,7946,67.47,25718.75,26718.749999986005,26718.749999986005,25718.75,2023,68693.0,61823.700000000004,81.49177485224116,-999.9999999860032
999.9999999927087,0.0,3015.1142198201037,26189.5,14.085138371529334,7947,64.5,26189.5,27189.49999999271,27189.49999999271,26189.5,2023,68693.0,61823.700000000004,78.58513837152934,-999.9999999927087
999.9999999799992,0.0,3999.999999979955,26675.75,14.150588209561986,7948,68.29,26675.75,27675.74999998,27675.74999998,26675.75,2023,68693.0,61823.700000000004,82.440588209562,-999.9999999799992
5.6498089538317384e-09,0.0,3999.99999998546,30011.0,14.599516892952018,7949,80.06,30011.0,30011.00000000565,30011.00000000565,30011.0,2023,68693.0,61823.700000000004,94.65951689295201,-5.6498089538317384e-09
2.8938242435074064e-09,0.0,3999.9999999882507,38768.0,15.7782196829817,7950,89.34,38768.0,38768.000000002896,38768.000000002896,38768.0,2023,68693.0,61823.700000000004,105.1182196829817,-2.8938242435074064e-09
1.113625694769207e-09,0.0,3999.999999989287,46698.0,16.845607272902377,7951,116.42,46698.0,46698.00000000111,46698.00000000111,46698.0,2023,68693.0,61823.700000000004,133.26560727290237,-1.113625694769207e-09
9.436419919971817e-10,0.0,3999.9999999901565,51283.0,17.462753817642138,7952,127.03,51283.0,51283.000000000946,51283.000000000946,51283.0,2023,68693.0,61823.700000000004,144.49275381764215,-9.436419919971817e-10
8.201106470208717e-10,0.0,3999.999999990905,54559.75,17.903808330286854,7953,138.08,54559.75,54559.75000000082,54559.75000000082,54559.75,2023,68693.0,61823.700000000004,155.98380833028688,-8.201106470208717e-10
8.717742421714726e-10,0.0,3999.999999991704,57368.5,18.281869476969035,7954,139.3,57368.5,57368.50000000087,57368.50000000087,57368.5,2023,68693.0,61823.700000000004,157.58186947696905,-8.717742421714726e-10
9.83904259062141e-10,0.0,3999.9999999926126,59399.0,18.555177232496646,7955,138.5,59399.0,59399.00000000098,59399.00000000098,59399.0,2023,68693.0,61823.700000000004,157.05517723249665,-9.83904259062141e-10
1.2172794611799901e-09,0.0,3999.9999999937518,60768.75,18.739547238964974,7956,135.6,60768.75,60768.750000001215,60768.750000001215,60768.75,2023,68693.0,61823.700000000004,154.33954723896497,-1.2172794611799901e-09
1.4012698152948882e-09,0.0,3999.999999995073,61399.25,18.824413301442274,7957,137.72,61399.25,61399.250000001404,61399.250000001404,61399.25,2023,68693.0,61823.700000000004,156.54441330144226,-1.4012698152948882e-09
1.5222544646234692e-09,0.0,3999.9999999965116,61477.25,18.834912195769363,7958,144.04,61477.25,61477.25000000152,61477.25000000152,61477.25,2023,68693.0,61823.700000000004,162.87491219576935,-1.5222544646234692e-09
1.9604342099574084e-09,0.0,3999.9999999983825,61706.75,18.86580317330868,7959,150.0,61706.75,61706.75000000196,61706.75000000196,61706.75,2023,68693.0,61823.700000000004,168.86580317330868,-1.9604342099574084e-09
0.0,999.9999999896802,2984.653834875304,61845.25,18.88444544079973,7960,164.01,61845.25,61845.25,60845.25000001032,60845.25000001032,2023,68693.0,61823.700000000004,182.89444544079973,999.9999999896802
0.0,999.9999999985421,1969.307669743227,62508.25,18.973686042579985,7961,189.98,62508.25,62508.25,61508.250000001455,61508.250000001455,2023,68693.0,61823.700000000004,208.95368604258,999.9999999985421
0.0,999.9999999974262,953.9615046122855,61194.0,18.796786403229007,7962,177.0,61194.0,61194.0,60194.000000002576,60194.000000002576,2023,68693.0,61823.700000000004,195.79678640322902,999.9999999974262
0.0,151.63449658652274,800.0000000012546,58289.0,18.405769890149614,7963,160.2,58289.0,58289.0,58137.36550341348,58137.36550341348,2023,68693.0,61823.700000000004,178.6057698901496,151.63449658652274
2.402639401024286e-09,0.0,800.0000000035611,53856.75,17.809183680133735,7964,139.12,53856.75,53856.7500000024,53856.7500000024,53856.75,2023,68693.0,61823.700000000004,156.92918368013375,-2.402639401024286e-09
2.7190847218710557e-09,0.0,800.0000000061793,48624.75,17.104950152962864,7965,125.45,48624.75,48624.75000000272,48624.75000000272,48624.75,2023,68693.0,61823.700000000004,142.55495015296287,-2.7190847218710557e-09
3.134446219303056e-09,0.0,800.0000000092067,44209.5,16.510652163505455,7966,116.84,44209.5,44209.500000003136,44209.500000003136,44209.5,2023,68693.0,61823.700000000004,133.35065216350546,-3.134446219303056e-09
4.145435923511965e-09,0.0,800.0000000132296,38689.25,15.76761983774762,7967,109.41,38689.25,38689.25000000415,38689.25000000415,38689.25,2023,68693.0,61823.700000000004,125.17761983774761,-4.145435923511965e-09
1.8149496522447945e-08,0.0,800.000000031045,34626.75,15.22080242487842,7968,98.43,34626.75,34626.750000018146,34626.750000018146,34626.75,2023,68693.0,61823.700000000004,113.65080242487842,-1.8149496522447945e-08
249.10772810332853,0.0,1045.342659172802,30326.5,14.641983574492997,7969,95.17,30326.5,30575.60772810333,30575.60772810333,30326.5,2023,68693.0,61823.700000000004,109.811983574493,-249.10772810332853
999.9999999873992,0.0,2030.2284393399432,27552.25,14.268566169532411,7970,92.03,27552.25,28552.249999987398,28552.249999987398,27552.25,2023,68693.0,61823.700000000004,106.2985661695324,-999.9999999873992
999.9999999955256,0.0,3015.1142195150865,25869.5,14.042065984546406,7971,85.88,25869.5,26869.499999995525,26869.499999995525,25869.5,2023,68693.0,61823.700000000004,99.9220659845464,-999.9999999955256
999.9999999959183,0.0,3999.999999690617,26014.25,14.061549509595714,7972,84.91,26014.25,27014.24999999592,27014.24999999592,26014.25,2023,68693.0,61823.700000000004,98.97154950959572,-999.9999999959183
3.013166392020615e-07,0.0,3999.99999998732,28513.75,14.397985232295177,7973,95.7,28513.75,28513.750000301316,28513.750000301316,28513.75,2023,68693.0,61823.700000000004,110.09798523229517,-3.013166392020615e-07
9.24917078993093e-09,0.0,3999.9999999963698,35444.5,15.330872563801197,7974,102.84,35444.5,35444.50000000925,35444.50000000925,35444.5,2023,68693.0,61823.700000000004,118.1708725638012,-9.24917078993093e-09
1.8949630005268296e-09,0.0,3999.9999999981765,41457.25,16.140195985149944,7975,132.59,41457.25,41457.25000000189,41457.25000000189,41457.25,2023,68693.0,61823.700000000004,148.73019598514995,-1.8949630005268296e-09
0.0,999.9999999963441,2984.65383486833,45388.25,16.669313338993348,7976,149.33,45388.25,45388.25,44388.25000000365,44388.25000000365,2023,68693.0,61823.700000000004,165.99931333899337,999.9999999963441
0.0,999.9999999920148,1969.3076697428803,47022.5,16.889285365327254,7977,142.55,47022.5,47022.5,46022.50000000798,46022.50000000798,2023,68693.0,61823.700000000004,159.43928536532727,999.9999999920148
3.156633656639492e-08,0.0,1969.3076697739104,47593.75,16.966176306152246,7978,133.72,47593.75,47593.75000003156,47593.75000003156,47593.75,2023,68693.0,61823.700000000004,150.68617630615225,-3.156633656639492e-08
999.9999999804741,0.0,2954.1934499342306,47936.25,17.01227722034491,7979,130.0,47936.25,48936.24999998047,48936.24999998047,47936.25,2023,68693.0,61823.700000000004,147.0122772203449,-999.9999999804741
999.9999999894411,0.0,3939.0792301033825,47850.0,17.000667866040917,7980,128.09,47850.0,48849.99999998944,48849.99999998944,47850.0,2023,68693.0,61823.700000000004,145.09066786604092,-999.9999999894411
61.855670083354134,0.0,3999.999999991899,48642.75,17.107372974730655,7981,132.18,48642.75,48704.60567008335,48704.60567008335,48642.75,2023,68693.0,61823.700000000004,149.28737297473066,-61.855670083354134
4.887617205763298e-09,0.0,3999.9999999966535,50561.0,17.36557174451191,7982,146.35,50561.0,50561.00000000489,50561.00000000489,50561.0,2023,68693.0,61823.700000000004,163.71557174451192,-4.887617205763298e-09
2.4507310753267175e-09,0.0,3999.999999999007,53274.5,17.730812126006207,7983,168.0,53274.5,53274.50000000245,53274.50000000245,53274.5,2023,68693.0,61823.700000000004,185.7308121260062,-2.4507310753267175e-09
0.0,151.6344968036261,3846.0384951675414,56145.25,18.11721854766633,7984,200.0,56145.25,56145.25,55993.61550319637,55993.61550319637,2023,68693.0,61823.700000000004,218.11721854766634,151.6344968036261
0.0,999.9999999991202,2830.6923300348717,58247.0,18.400116639358107,7985,250.0,58247.0,58247.0,57247.00000000088,57247.00000000088,2023,68693.0,61823.700000000004,268.4001166393581,999.9999999991202
0.0,999.99999999912,1815.3461649022129,58159.5,18.38833903354246,7986,250.0,58159.5,58159.5,57159.50000000088,57159.50000000088,2023,68693.0,61823.700000000004,268.3883390335425,999.99999999912
0.0,999.9999997713818,800.0000000007819,57591.0,18.311818246043103,7987,200.0,57591.0,57591.0,56591.00000022862,56591.00000022862,2023,68693.0,61823.700000000004,218.31181824604312,999.9999997713818
1.9057861296614857e-09,0.0,800.0000000025991,55733.5,18.06179649972814,7988,161.0,55733.5,55733.500000001906,55733.500000001906,55733.5,2023,68693.0,61823.700000000004,179.06179649972813,-1.9057861296614857e-09
2.493965463634669e-09,0.0,800.0000000049957,53962.0,17.82335045741484,7989,139.01,53962.0,53962.000000002496,53962.000000002496,53962.0,2023,68693.0,61823.700000000004,156.83335045741484,-2.493965463634669e-09
2.813004271914764e-09,0.0,800.0000000077064,52340.5,17.605094596499782,7990,128.5,52340.5,52340.500000002816,52340.500000002816,52340.5,2023,68693.0,61823.700000000004,146.10509459649978,-2.813004271914764e-09
6.4725798097465785e-09,0.0,800.0000000140215,50015.75,17.292180435129282,7991,114.27,50015.75,50015.750000006476,50015.750000006476,50015.75,2023,68693.0,61823.700000000004,131.56218043512928,-6.4725798097465785e-09
2.2392387310811929e-07,0.0,800.000000234501,48056.25,17.02842936546351,7992,104.79,48056.25,48056.250000223925,48056.250000223925,48056.25,2023,68693.0,61823.700000000004,121.81842936546352,-2.2392387310811929e-07
249.10772819754237,0.0,1045.3426594690482,47222.25,16.91617195688925,7993,104.52,47222.25,47471.357728197545,47471.357728197545,47222.25,2023,68693.0,61823.700000000004,121.43617195688924,-249.10772819754237
999.9999999810075,0.0,2030.2284396298935,47140.75,16.90520195832954,7994,102.2,47140.75,48140.74999998101,48140.74999998101,47140.75,2023,68693.0,61823.700000000004,119.10520195832954,-999.9999999810075
999.9999999900434,0.0,3015.114219799639,47781.0,16.991380382597725,7995,100.0,47781.0,48780.99999999005,48780.99999999005,47781.0,2023,68693.0,61823.700000000004,116.99138038259773,-999.9999999900434
999.9999999831224,0.0,3999.999999962567,49208.25,17.18348995860205,7996,101.63,49208.25,50208.24999998312,50208.24999998312,49208.25,2023,68693.0,61823.700000000004,118.81348995860205,-999.9999999831224
3.343629802233146e-08,0.0,3999.9999999954375,52464.0,17.62171784585101,7997,106.3,52464.0,52464.00000003343,52464.00000003343,52464.0,2023,68693.0,61823.700000000004,123.921717845851,-3.343629802233146e-08
2.793420324217405e-09,0.0,3999.9999999981287,59587.0,18.580482259849113,7998,129.41,59587.0,59587.000000002794,59587.000000002794,59587.0,2023,68693.0,61823.700000000004,147.9904822598491,-2.793420324217405e-09
1.3808497421974185e-09,0.0,3999.9999999994293,65373.5,19.359352157588837,7999,168.09,65373.5,65373.50000000138,65373.50000000138,65373.5,2023,68693.0,61823.700000000004,187.44935215758883,-1.3808497421974185e-09
0.0,151.63449659983675,3846.0384953748803,68088.5,19.724794440897117,8000,219.27,68088.5,68088.5,67936.86550340016,67936.86550340016,2023,68693.0,61823.700000000004,238.99479444089712,151.63449659983675
0.0,999.9999999975186,2830.6923302438445,67855.0,19.693365058520513,8001,237.13,67855.0,67855.0,66855.00000000249,66855.00000000249,2023,68693.0,61823.700000000004,256.8233650585205,999.9999999975186
0.0,999.9999999858417,1815.3461651246716,67320.25,19.62138706183576,8002,222.5,67320.25,67320.25,66320.25000001416,66320.25000001416,2023,68693.0,61823.700000000004,242.12138706183578,999.9999999858417
0.0,999.9999999887294,800.0000000025535,67025.25,19.581679705085875,8003,223.34,67025.25,67025.25,66025.25000001128,66025.25000001128,2023,68693.0,61823.700000000004,242.92167970508586,999.9999999887294
92.78350561999711,0.0,891.3811553228438,66809.5,19.552639494174727,8004,195.21,66809.5,66902.28350562,66902.28350562,66809.5,2023,68693.0,61823.700000000004,214.76263949417472,-92.78350561999711
999.9999999917869,0.0,1876.266935494309,66940.25,19.570238602293532,8005,189.81,66940.25,67940.24999999179,67940.24999999179,66940.25,2023,68693.0,61823.700000000004,209.38023860229353,-999.9999999917869
999.9999998054385,0.0,2861.152715482234,66698.25,19.537665109637693,8006,195.0,66698.25,67698.24999980544,67698.24999980544,66698.25,2023,68693.0,61823.700000000004,214.5376651096377,-999.9999998054385
999.9999997322758,0.0,3846.0384953981084,67160.25,19.599850868344298,8007,195.0,67160.25,68160.24999973227,68160.24999973227,67160.25,2023,68693.0,61823.700000000004,214.5998508683443,-999.9999997322758
0.0,999.9999999981803,2830.6923302664013,68052.0,19.719881496756877,8008,226.0,68052.0,68052.0,67052.00000000182,67052.00000000182,2023,68693.0,61823.700000000004,245.71988149675687,999.9999999981803
0.0,999.9999999992551,1815.3461651335965,68693.0,19.806160871932054,8009,261.0,68693.0,68693.0,67693.00000000074,67693.00000000074,2023,68693.0,61823.700000000004,280.80616087193204,999.9999999992551
0.0,999.9999999990712,800.0000000009832,67939.25,19.704705210405862,8010,249.34,67939.25,67939.25,66939.25000000093,66939.25000000093,2023,68693.0,61823.700000000004,269.0447052104059,999.9999999990712
1.0154775311188355e-09,0.0,800.0000000019235,66698.25,19.537665109637693,8011,194.49,66698.25,66698.25000000102,66698.25000000102,66698.25,2023,68693.0,61823.700000000004,214.0276651096377,-1.0154775311188355e-09
1.7557204181291346e-09,0.0,800.000000003593,63344.75,19.08627995417754,8012,153.93,63344.75,63344.75000000175,63344.75000000175,63344.75,2023,68693.0,61823.700000000004,173.01627995417755,-1.7557204181291346e-09
2.8186512848572582e-09,0.0,800.0000000063092,60299.5,18.67638562149079,8013,132.72,60299.5,60299.500000002816,60299.500000002816,60299.5,2023,68693.0,61823.700000000004,151.3963856214908,-2.8186512848572582e-09
3.1237100921796614e-09,0.0,800.000000009326,57072.25,18.241993868707496,8014,124.72,57072.25,57072.25000000312,57072.25000000312,57072.25,2023,68693.0,61823.700000000004,142.9619938687075,-3.1237100921796614e-09
5.940236737793959e-09,0.0,800.0000000151166,53691.5,17.786940830293332,8015,113.79,53691.5,53691.50000000594,53691.50000000594,53691.5,2023,68693.0,61823.700000000004,131.57694083029332,-5.940236737793959e-09
1.4467940007101081e-08,0.0,800.0000000293061,50785.75,17.39582336630695,8016,106.91,50785.75,50785.750000014465,50785.750000014465,50785.75,2023,68693.0,61823.700000000004,124.30582336630695,-1.4467940007101081e-08
1.9035894003076855e-06,0.0,800.0000019040644,48973.0,17.15182502410913,8017,102.63,48973.0,48973.00000190359,48973.00000190359,48973.0,2023,68693.0,61823.700000000004,119.78182502410912,-1.9035894003076855e-06
999.9999999878728,0.0,1784.8857820716707,47737.0,16.98545792938757,8018,99.1,47737.0,48736.99999998787,48736.99999998787,47737.0,2023,68693.0,61823.700000000004,116.08545792938756,-999.9999999878728
999.9999999935496,0.0,2769.7715622448695,47812.5,16.995620320691355,8019,95.88,47812.5,48812.499999993546,48812.499999993546,47812.5,2023,68693.0,61823.700000000004,112.87562032069135,-999.9999999935496
999.9999999932691,0.0,3754.657342417791,48526.75,17.091759234449345,8020,96.07,48526.75,49526.74999999327,49526.74999999327,48526.75,2023,68693.0,61823.700000000004,113.16175923444933,-999.9999999932691
249.1077265137274,0.0,3999.9999999939723,51024.5,17.427959405032492,8021,102.31,51024.5,51273.60772651373,51273.60772651373,51024.5,2023,68693.0,61823.700000000004,119.7379594050325,-249.1077265137274
3.858930547080238e-09,0.0,3999.9999999977135,58257.5,18.40152995205598,8022,120.03,58257.5,58257.500000003856,58257.500000003856,58257.5,2023,68693.0,61823.700000000004,138.431529952056,-3.858930547080238e-09
1.7528974304982855e-09,0.0,3999.9999999993797,63548.75,19.11373860087916,8023,152.11,63548.75,63548.75000000175,63548.75000000175,63548.75,2023,68693.0,61823.700000000004,171.2237386008792,-1.7528974304982855e-09
0.0,151.63449657028903,3846.0384954048313,66699.5,19.537833361149346,8024,203.46,66699.5,66699.5,66547.86550342971,66547.86550342971,2023,68693.0,61823.700000000004,222.99783336114936,151.63449657028903
0.0,999.9999999977134,2830.692330273599,68026.75,19.716482816221507,8025,222.63,68026.75,68026.75,67026.75000000228,67026.75000000228,2023,68693.0,61823.700000000004,242.3464828162215,999.9999999977134
0.0,999.9999999963478,1815.3461651437462,68227.0,19.743436708388167,8026,215.37,68227.0,68227.0,67227.00000000365,67227.00000000365,2023,68693.0,61823.700000000004,235.11343670838818,999.9999999963478
0.0,999.999999995698,800.0000000145583,68372.5,19.763021184344467,8027,213.52,68372.5,68372.5,67372.50000000431,67372.50000000431,2023,68693.0,61823.700000000004,233.28302118434448,999.999999995698
1.2854988838760262e-08,0.0,800.0000000271592,67679.5,19.66974254628456,8028,197.09,67679.5,67679.50000001285,67679.50000001285,67679.5,2023,68693.0,61823.700000000004,216.75974254628457,-1.2854988838760262e-08
999.9999999973958,0.0,1784.8857802041448,66689.0,19.53642004845147,8029,175.19,66689.0,67688.9999999974,67688.9999999974,66689.0,2023,68693.0,61823.700000000004,194.72642004845147,-999.9999999973958
999.9999999975431,0.0,2769.771560381277,65587.5,19.38815681638367,8030,174.32,65587.5,66587.49999999754,66587.49999999754,65587.5,2023,68693.0,61823.700000000004,193.70815681638368,-999.9999999975431
999.9999999944946,0.0,3754.657340555405,64767.25,19.27775017443759,8031,184.4,64767.25,65767.2499999945,65767.2499999945,64767.25,2023,68693.0,61823.700000000004,203.6777501744376,-999.9999999944946
0.0,999.9999999590274,2739.31117546345,64875.25,19.292287105044327,8032,200.05,64875.25,64875.25,63875.25000004097,63875.25000004097,2023,68693.0,61823.700000000004,219.34228710504433,999.9999999590274
0.0,999.9999999986063,1723.9650103313054,65057.25,19.316784525140868,8033,230.69,65057.25,65057.25,64057.2500000014,64057.2500000014,2023,68693.0,61823.700000000004,250.00678452514086,999.9999999986063
0.0,910.0000000580566,800.0000000008273,63478.25,19.104249215621984,8034,199.16,63478.25,63478.25,62568.249999941945,62568.249999941945,2023,68693.0,61823.700000000004,218.264249215622,910.0000000580566
1.558668197783256e-09,0.0,800.0000000023026,61731.25,18.869100902937063,8035,168.56,61731.25,61731.25000000156,61731.25000000156,61731.25,2023,68693.0,61823.700000000004,187.42910090293708,-1.558668197783256e-09
2.1404616808911555e-09,0.0,800.0000000043509,58483.0,18.431882524758016,8036,142.37,58483.0,58483.00000000214,58483.00000000214,58483.0,2023,68693.0,61823.700000000004,160.801882524758,-2.1404616808911555e-09
3.39458305484309e-09,0.0,800.0000000076345,55481.75,18.027910645281416,8037,125.13,55481.75,55481.7500000034,55481.7500000034,55481.75,2023,68693.0,61823.700000000004,143.15791064528142,-3.39458305484309e-09
3.7841868021260735e-09,0.0,800.0000000113017,53131.0,17.71149685246855,8038,118.4,53131.0,53131.00000000378,53131.00000000378,53131.0,2023,68693.0,61823.700000000004,136.11149685246855,-3.7841868021260735e-09
9.125983386550349e-09,0.0,800.00000002023,49957.75,17.284373564988623,8039,108.13,49957.75,49957.750000009124,49957.750000009124,49957.75,2023,68693.0,61823.700000000004,125.41437356498862,-9.125983386550349e-09
1.1831306082521348e-08,0.0,800.0000000318228,47344.25,16.932593304426494,8040,105.22,47344.25,47344.25000001183,47344.25000001183,47344.25,2023,68693.0,61823.700000000004,122.15259330442649,-1.1831306082521348e-08
1.8864421142989066e-08,0.0,800.0000000503422,45613.25,16.69959861109072,8041,102.69,45613.25,45613.25000001887,45613.25000001887,45613.25,2023,68693.0,61823.700000000004,119.38959861109072,-1.8864421142989066e-08
2.7426242083322765e-08,0.0,800.0000000772942,44444.5,16.542283447696043,8042,101.25,44444.5,44444.50000002742,44444.50000002742,44444.5,2023,68693.0,61823.700000000004,117.79228344769604,-2.7426242083322765e-08
999.9999998410559,0.0,1784.8857801003028,43740.75,16.44755784663593,8043,98.89,43740.75,44740.74999984106,44740.74999984106,43740.75,2023,68693.0,61823.700000000004,115.33755784663593,-999.9999998410559
999.9999999636427,0.0,2769.7715602440453,43679.5,16.43931352256498,8044,97.96,43679.5,44679.49999996364,44679.49999996364,43679.5,2023,68693.0,61823.700000000004,114.39931352256497,-999.9999999636427
999.9999999651196,0.0,3754.6573403892435,44263.25,16.517886978506493,8045,97.83,44263.25,45263.24999996512,45263.24999996512,44263.25,2023,68693.0,61823.700000000004,114.3478869785065,-999.9999999651196
249.10772856195535,0.0,3999.999999982696,45518.25,16.686811496205163,8046,98.93,45518.25,45767.357728561954,45767.357728561954,45518.25,2023,68693.0,61823.700000000004,115.61681149620517,-249.10772856195535
1.1433189115468165e-08,0.0,3999.9999999938964,48764.75,17.123794322267898,8047,104.88,48764.75,48764.75000001143,48764.75000001143,48764.75,2023,68693.0,61823.700000000004,122.0037943222679,-1.1433189115468165e-08
3.484389874331214e-09,0.0,3999.9999999972683,52533.25,17.631038979596532,8048,120.34,52533.25,52533.250000003485,52533.250000003485,52533.25,2023,68693.0,61823.700000000004,137.97103897959653,-3.484389874331214e-09
0.0,999.9999999062125,2984.6538349589373,55817.25,18.07306935100883,8049,127.99,55817.25,55817.25,54817.25000009379,54817.25000009379,2023,68693.0,61823.700000000004,146.06306935100883,999.9999999062125
0.0,999.999999987032,1969.3076698385482,57142.75,18.251483253964675,8050,130.75,57142.75,57142.75,56142.750000012966,56142.750000012966,2023,68693.0,61823.700000000004,149.00148325396466,999.999999987032
0.0,910.0000002565243,1045.3426593065553,58056.0,18.37440780837767,8051,127.22,58056.0,58056.0,57145.99999974348,57145.99999974348,2023,68693.0,61823.700000000004,145.59440780837767,910.0000002565243
999.9999999651226,0.0,2030.2284394517571,58023.0,18.369965968470055,8052,121.58,58023.0,59022.99999996512,59022.99999996512,58023.0,2023,68693.0,61823.700000000004,139.94996596847005,-999.9999999651226
999.9999999947272,0.0,3015.114219626112,57143.25,18.251550554569334,8053,114.58,57143.25,58143.249999994725,58143.249999994725,57143.25,2023,68693.0,61823.700000000004,132.83155055456933,-999.9999999947272
999.9999999902341,0.0,3999.9999997960454,56547.5,18.171361884115964,8054,118.52,56547.5,57547.499999990236,57547.499999990236,56547.5,2023,68693.0,61823.700000000004,136.69136188411596,-999.9999999902341
1.7876028482851037e-07,0.0,3999.999999972044,56648.25,18.18492295595512,8055,123.5,56648.25,56648.25000017876,56648.25000017876,56648.25,2023,68693.0,61823.700000000004,141.68492295595513,-1.7876028482851037e-07
0.0,999.9999999364461,2984.6538349030166,57680.25,18.32383140397506,8056,129.79,57680.25,57680.25,56680.250000063555,56680.250000063555,2023,68693.0,61823.700000000004,148.11383140397504,999.9999999364461
0.0,999.9999999970637,1969.3076697724396,58563.75,18.44275157241074,8057,144.04,58563.75,58563.75,57563.75000000294,57563.75000000294,2023,68693.0,61823.700000000004,162.48275157241073,999.9999999970637
0.0,999.9999999971936,953.9615046417288,56920.0,18.221500834588277,8058,144.96,56920.0,56920.0,55920.00000000281,55920.00000000281,2023,68693.0,61823.700000000004,163.1815008345883,999.9999999971936
0.0,151.63449661645643,800.000000000243,54203.5,17.855856649466016,8059,129.56,54203.5,54203.5,54051.865503383546,54051.865503383546,2023,68693.0,61823.700000000004,147.415856649466,151.63449661645643
0.0,0.0,800.000000000243,51185.0,17.44956289912862,8060,122.52,51185.0,51185.0,51185.0,51185.0,2023,68693.0,61823.700000000004,139.96956289912862,0.0
0.0,0.0,800.000000000243,48786.25,17.126688248268312,8061,114.83,48786.25,48786.25,48786.25,48786.25,2023,68693.0,61823.700000000004,131.9566882482683,0.0
0.0,0.0,800.000000000243,47518.25,16.956013914848462,8062,109.88,47518.25,47518.25,47518.25,47518.25,2023,68693.0,61823.700000000004,126.83601391484845,0.0
0.0,0.0,800.000000000243,44790.5,16.58885546612133,8063,106.01,44790.5,44790.5,44790.5,44790.5,2023,68693.0,61823.700000000004,122.59885546612134,0.0
0.0,0.0,800.000000000243,42296.0,16.25309274946848,8064,108.3,42296.0,42296.0,42296.0,42296.0,2023,68693.0,61823.700000000004,124.55309274946848,0.0
0.0,0.0,800.000000000243,40322.0,15.987389962267542,8065,102.68,40322.0,40322.0,40322.0,40322.0,2023,68693.0,61823.700000000004,118.66738996226755,0.0
0.0,0.0,800.000000000243,38269.5,15.711120980134858,8066,99.88,38269.5,38269.5,38269.5,38269.5,2023,68693.0,61823.700000000004,115.59112098013486,0.0
0.0,0.0,800.000000000243,37647.5,15.627399027936791,8067,98.62,37647.5,37647.5,37647.5,37647.5,2023,68693.0,61823.700000000004,114.2473990279368,0.0
